x,y
0_000.jpg,0
0_001.jpg,0
0_002.jpg,0
0_003.jpg,0
0_004.jpg,0
0_005.jpg,0
0_006.jpg,0
0_007.jpg,0
0_008.jpg,0
0_009.jpg,0
0_010.jpg,0
0_011.jpg,0
0_012.jpg,0
0_013.jpg,0
0_014.jpg,0
0_015.jpg,0
0_016.jpg,0
0_017.jpg,0
0_018.jpg,0
0_019.jpg,0
0_020.jpg,0
0_021.jpg,0
0_022.jpg,0
0_023.jpg,0
0_024.jpg,0
0_025.jpg,0
0_026.jpg,0
0_027.jpg,0
0_028.jpg,0
0_029.jpg,0
0_030.jpg,0
0_031.jpg,0
0_032.jpg,0
0_033.jpg,0
0_034.jpg,0
0_035.jpg,0
0_036.jpg,0
0_037.jpg,0
0_038.jpg,0
0_039.jpg,0
0_040.jpg,0
0_041.jpg,0
0_042.jpg,0
0_043.jpg,0
0_044.jpg,0
0_045.jpg,0
0_046.jpg,0
0_047.jpg,0
0_048.jpg,0
0_049.jpg,0
0_050.jpg,0
0_051.jpg,0
0_052.jpg,0
0_053.jpg,0
0_054.jpg,0
0_055.jpg,0
0_056.jpg,0
0_057.jpg,0
0_058.jpg,0
0_059.jpg,0
0_060.jpg,0
0_061.jpg,0
0_062.jpg,0
0_063.jpg,0
0_064.jpg,0
0_065.jpg,0
0_066.jpg,0
0_067.jpg,0
0_068.jpg,0
0_069.jpg,0
0_070.jpg,0
0_071.jpg,0
0_072.jpg,0
0_073.jpg,0
0_074.jpg,0
0_075.jpg,0
0_076.jpg,0
0_077.jpg,0
0_078.jpg,0
0_079.jpg,0
0_080.jpg,0
0_081.jpg,0
0_082.jpg,0
0_083.jpg,0
0_084.jpg,0
0_085.jpg,0
0_086.jpg,0
0_087.jpg,0
0_088.jpg,0
0_089.jpg,0
0_090.jpg,0
0_091.jpg,0
0_092.jpg,0
0_093.jpg,0
0_094.jpg,0
0_095.jpg,0
0_096.jpg,0
0_097.jpg,0
0_098.jpg,0
0_099.jpg,0
0_100.jpg,0
0_101.jpg,0
0_102.jpg,0
0_103.jpg,0
0_104.jpg,0
0_105.jpg,0
0_106.jpg,0
0_107.jpg,0
0_108.jpg,0
0_109.jpg,0
0_110.jpg,0
0_111.jpg,0
0_112.jpg,0
0_113.jpg,0
0_114.jpg,0
0_115.jpg,0
0_116.jpg,0
0_117.jpg,0
0_118.jpg,0
0_119.jpg,0
0_120.jpg,0
0_121.jpg,0
0_122.jpg,0
0_123.jpg,0
0_124.jpg,0
0_125.jpg,0
0_126.jpg,0
0_127.jpg,0
0_128.jpg,0
0_129.jpg,0
0_130.jpg,0
0_131.jpg,0
0_132.jpg,0
0_133.jpg,0
0_134.jpg,0
0_135.jpg,0
0_136.jpg,0
0_137.jpg,0
0_138.jpg,0
0_139.jpg,0
0_140.jpg,0
0_141.jpg,0
0_142.jpg,0
0_143.jpg,0
0_144.jpg,0
0_145.jpg,0
0_146.jpg,0
0_147.jpg,0
0_148.jpg,0
0_149.jpg,0
0_150.jpg,0
0_151.jpg,0
0_152.jpg,0
0_153.jpg,0
0_154.jpg,0
0_155.jpg,0
0_156.jpg,0
0_157.jpg,0
0_158.jpg,0
0_159.jpg,0
0_160.jpg,0
0_161.jpg,0
0_162.jpg,0
0_163.jpg,0
0_164.jpg,0
0_165.jpg,0
0_166.jpg,0
0_167.jpg,0
0_168.jpg,0
0_169.jpg,0
0_170.jpg,0
0_171.jpg,0
0_172.jpg,0
0_173.jpg,0
0_174.jpg,0
0_175.jpg,0
0_176.jpg,0
0_177.jpg,0
0_178.jpg,0
0_179.jpg,0
0_180.jpg,0
0_181.jpg,0
0_182.jpg,0
0_183.jpg,0
0_184.jpg,0
0_185.jpg,0
0_186.jpg,0
0_187.jpg,0
0_188.jpg,0
0_189.jpg,0
0_190.jpg,0
0_191.jpg,0
0_192.jpg,0
0_193.jpg,0
0_194.jpg,0
0_195.jpg,0
0_196.jpg,0
0_197.jpg,0
0_198.jpg,0
0_199.jpg,0
0_200.jpg,0
0_201.jpg,0
0_202.jpg,0
0_203.jpg,0
0_204.jpg,0
0_205.jpg,0
0_206.jpg,0
0_207.jpg,0
0_208.jpg,0
0_209.jpg,0
0_210.jpg,0
0_211.jpg,0
0_212.jpg,0
0_213.jpg,0
0_214.jpg,0
0_215.jpg,0
0_216.jpg,0
0_217.jpg,0
0_218.jpg,0
0_219.jpg,0
0_220.jpg,0
0_221.jpg,0
0_222.jpg,0
0_223.jpg,0
0_224.jpg,0
0_225.jpg,0
0_226.jpg,0
0_227.jpg,0
0_228.jpg,0
0_229.jpg,0
0_230.jpg,0
0_231.jpg,0
0_232.jpg,0
0_233.jpg,0
0_234.jpg,0
0_235.jpg,0
0_236.jpg,0
0_237.jpg,0
0_238.jpg,0
0_239.jpg,0
0_240.jpg,0
0_241.jpg,0
0_242.jpg,0
0_243.jpg,0
0_244.jpg,0
0_245.jpg,0
0_246.jpg,0
0_247.jpg,0
0_248.jpg,0
0_249.jpg,0
0_250.jpg,0
0_251.jpg,0
0_252.jpg,0
0_253.jpg,0
0_254.jpg,0
0_255.jpg,0
0_256.jpg,0
0_257.jpg,0
0_258.jpg,0
0_259.jpg,0
0_260.jpg,0
0_261.jpg,0
0_262.jpg,0
0_263.jpg,0
0_264.jpg,0
0_265.jpg,0
0_266.jpg,0
0_267.jpg,0
0_268.jpg,0
0_269.jpg,0
0_270.jpg,0
0_271.jpg,0
0_272.jpg,0
0_273.jpg,0
0_274.jpg,0
0_275.jpg,0
0_276.jpg,0
0_277.jpg,0
0_278.jpg,0
0_279.jpg,0
0_280.jpg,0
0_281.jpg,0
0_282.jpg,0
0_283.jpg,0
0_284.jpg,0
0_285.jpg,0
0_286.jpg,0
0_287.jpg,0
0_288.jpg,0
0_289.jpg,0
0_290.jpg,0
0_291.jpg,0
0_292.jpg,0
0_293.jpg,0
0_294.jpg,0
0_295.jpg,0
0_296.jpg,0
0_297.jpg,0
0_298.jpg,0
0_299.jpg,0
0_300.jpg,0
0_301.jpg,0
0_302.jpg,0
0_303.jpg,0
0_304.jpg,0
0_305.jpg,0
0_306.jpg,0
0_307.jpg,0
0_308.jpg,0
0_309.jpg,0
0_310.jpg,0
0_311.jpg,0
0_312.jpg,0
0_313.jpg,0
0_314.jpg,0
0_315.jpg,0
0_316.jpg,0
0_317.jpg,0
0_318.jpg,0
0_319.jpg,0
0_320.jpg,0
0_321.jpg,0
0_322.jpg,0
0_323.jpg,0
0_324.jpg,0
0_325.jpg,0
0_326.jpg,0
0_327.jpg,0
0_328.jpg,0
0_329.jpg,0
0_330.jpg,0
0_331.jpg,0
0_332.jpg,0
0_333.jpg,0
0_334.jpg,0
0_335.jpg,0
0_336.jpg,0
0_337.jpg,0
0_338.jpg,0
0_339.jpg,0
0_340.jpg,0
0_341.jpg,0
0_342.jpg,0
0_343.jpg,0
0_344.jpg,0
0_345.jpg,0
0_346.jpg,0
0_347.jpg,0
0_348.jpg,0
0_349.jpg,0
0_350.jpg,0
0_351.jpg,0
0_352.jpg,0
0_353.jpg,0
0_354.jpg,0
0_355.jpg,0
0_356.jpg,0
0_357.jpg,0
0_358.jpg,0
0_359.jpg,0
0_360.jpg,0
0_361.jpg,0
0_362.jpg,0
0_363.jpg,0
0_364.jpg,0
0_365.jpg,0
0_366.jpg,0
0_367.jpg,0
0_368.jpg,0
0_369.jpg,0
0_370.jpg,0
0_371.jpg,0
0_372.jpg,0
0_373.jpg,0
0_374.jpg,0
0_375.jpg,0
0_376.jpg,0
0_377.jpg,0
0_378.jpg,0
0_379.jpg,0
0_380.jpg,0
0_381.jpg,0
0_382.jpg,0
0_383.jpg,0
0_384.jpg,0
0_385.jpg,0
0_386.jpg,0
0_387.jpg,0
0_388.jpg,0
0_389.jpg,0
0_390.jpg,0
0_391.jpg,0
0_392.jpg,0
0_393.jpg,0
0_394.jpg,0
0_395.jpg,0
0_396.jpg,0
0_397.jpg,0
0_398.jpg,0
0_399.jpg,0
0_400.jpg,0
0_401.jpg,0
0_402.jpg,0
0_403.jpg,0
0_404.jpg,0
0_405.jpg,0
0_406.jpg,0
0_407.jpg,0
0_408.jpg,0
0_409.jpg,0
0_410.jpg,0
0_411.jpg,0
0_412.jpg,0
0_413.jpg,0
0_414.jpg,0
0_415.jpg,0
0_416.jpg,0
0_417.jpg,0
0_418.jpg,0
0_419.jpg,0
0_420.jpg,0
0_421.jpg,0
0_422.jpg,0
0_423.jpg,0
0_424.jpg,0
0_425.jpg,0
0_426.jpg,0
0_427.jpg,0
0_428.jpg,0
0_429.jpg,0
0_430.jpg,0
0_431.jpg,0
0_432.jpg,0
0_433.jpg,0
0_434.jpg,0
0_435.jpg,0
0_436.jpg,0
0_437.jpg,0
0_438.jpg,0
0_439.jpg,0
0_440.jpg,0
0_441.jpg,0
0_442.jpg,0
0_443.jpg,0
0_444.jpg,0
0_445.jpg,0
0_446.jpg,0
0_447.jpg,0
0_448.jpg,0
0_449.jpg,0
0_450.jpg,0
0_451.jpg,0
0_452.jpg,0
0_453.jpg,0
0_454.jpg,0
0_455.jpg,0
0_456.jpg,0
0_457.jpg,0
0_458.jpg,0
0_459.jpg,0
0_460.jpg,0
0_461.jpg,0
0_462.jpg,0
0_463.jpg,0
0_464.jpg,0
0_465.jpg,0
0_466.jpg,0
0_467.jpg,0
0_468.jpg,0
0_469.jpg,0
0_470.jpg,0
0_471.jpg,0
0_472.jpg,0
0_473.jpg,0
0_474.jpg,0
0_475.jpg,0
0_476.jpg,0
0_477.jpg,0
0_478.jpg,0
0_479.jpg,0
0_480.jpg,0
0_481.jpg,0
0_482.jpg,0
0_483.jpg,0
0_484.jpg,0
0_485.jpg,0
0_486.jpg,0
0_487.jpg,0
0_488.jpg,0
0_489.jpg,0
0_490.jpg,0
0_491.jpg,0
0_492.jpg,0
0_493.jpg,0
0_494.jpg,0
0_495.jpg,0
0_496.jpg,0
0_497.jpg,0
0_498.jpg,0
0_499.jpg,0
1_000.jpg,1
1_001.jpg,1
1_002.jpg,1
1_003.jpg,1
1_004.jpg,1
1_005.jpg,1
1_006.jpg,1
1_007.jpg,1
1_008.jpg,1
1_009.jpg,1
1_010.jpg,1
1_011.jpg,1
1_012.jpg,1
1_013.jpg,1
1_014.jpg,1
1_015.jpg,1
1_016.jpg,1
1_017.jpg,1
1_018.jpg,1
1_019.jpg,1
1_020.jpg,1
1_021.jpg,1
1_022.jpg,1
1_023.jpg,1
1_024.jpg,1
1_025.jpg,1
1_026.jpg,1
1_027.jpg,1
1_028.jpg,1
1_029.jpg,1
1_030.jpg,1
1_031.jpg,1
1_032.jpg,1
1_033.jpg,1
1_034.jpg,1
1_035.jpg,1
1_036.jpg,1
1_037.jpg,1
1_038.jpg,1
1_039.jpg,1
1_040.jpg,1
1_041.jpg,1
1_042.jpg,1
1_043.jpg,1
1_044.jpg,1
1_045.jpg,1
1_046.jpg,1
1_047.jpg,1
1_048.jpg,1
1_049.jpg,1
1_050.jpg,1
1_051.jpg,1
1_052.jpg,1
1_053.jpg,1
1_054.jpg,1
1_055.jpg,1
1_056.jpg,1
1_057.jpg,1
1_058.jpg,1
1_059.jpg,1
1_060.jpg,1
1_061.jpg,1
1_062.jpg,1
1_063.jpg,1
1_064.jpg,1
1_065.jpg,1
1_066.jpg,1
1_067.jpg,1
1_068.jpg,1
1_069.jpg,1
1_070.jpg,1
1_071.jpg,1
1_072.jpg,1
1_073.jpg,1
1_074.jpg,1
1_075.jpg,1
1_076.jpg,1
1_077.jpg,1
1_078.jpg,1
1_079.jpg,1
1_080.jpg,1
1_081.jpg,1
1_082.jpg,1
1_083.jpg,1
1_084.jpg,1
1_085.jpg,1
1_086.jpg,1
1_087.jpg,1
1_088.jpg,1
1_089.jpg,1
1_090.jpg,1
1_091.jpg,1
1_092.jpg,1
1_093.jpg,1
1_094.jpg,1
1_095.jpg,1
1_096.jpg,1
1_097.jpg,1
1_098.jpg,1
1_099.jpg,1
1_100.jpg,1
1_101.jpg,1
1_102.jpg,1
1_103.jpg,1
1_104.jpg,1
1_105.jpg,1
1_106.jpg,1
1_107.jpg,1
1_108.jpg,1
1_109.jpg,1
1_110.jpg,1
1_111.jpg,1
1_112.jpg,1
1_113.jpg,1
1_114.jpg,1
1_115.jpg,1
1_116.jpg,1
1_117.jpg,1
1_118.jpg,1
1_119.jpg,1
1_120.jpg,1
1_121.jpg,1
1_122.jpg,1
1_123.jpg,1
1_124.jpg,1
1_125.jpg,1
1_126.jpg,1
1_127.jpg,1
1_128.jpg,1
1_129.jpg,1
1_130.jpg,1
1_131.jpg,1
1_132.jpg,1
1_133.jpg,1
1_134.jpg,1
1_135.jpg,1
1_136.jpg,1
1_137.jpg,1
1_138.jpg,1
1_139.jpg,1
1_140.jpg,1
1_141.jpg,1
1_142.jpg,1
1_143.jpg,1
1_144.jpg,1
1_145.jpg,1
1_146.jpg,1
1_147.jpg,1
1_148.jpg,1
1_149.jpg,1
1_150.jpg,1
1_151.jpg,1
1_152.jpg,1
1_153.jpg,1
1_154.jpg,1
1_155.jpg,1
1_156.jpg,1
1_157.jpg,1
1_158.jpg,1
1_159.jpg,1
1_160.jpg,1
1_161.jpg,1
1_162.jpg,1
1_163.jpg,1
1_164.jpg,1
1_165.jpg,1
1_166.jpg,1
1_167.jpg,1
1_168.jpg,1
1_169.jpg,1
1_170.jpg,1
1_171.jpg,1
1_172.jpg,1
1_173.jpg,1
1_174.jpg,1
1_175.jpg,1
1_176.jpg,1
1_177.jpg,1
1_178.jpg,1
1_179.jpg,1
1_180.jpg,1
1_181.jpg,1
1_182.jpg,1
1_183.jpg,1
1_184.jpg,1
1_185.jpg,1
1_186.jpg,1
1_187.jpg,1
1_188.jpg,1
1_189.jpg,1
1_190.jpg,1
1_191.jpg,1
1_192.jpg,1
1_193.jpg,1
1_194.jpg,1
1_195.jpg,1
1_196.jpg,1
1_197.jpg,1
1_198.jpg,1
1_199.jpg,1
1_200.jpg,1
1_201.jpg,1
1_202.jpg,1
1_203.jpg,1
1_204.jpg,1
1_205.jpg,1
1_206.jpg,1
1_207.jpg,1
1_208.jpg,1
1_209.jpg,1
1_210.jpg,1
1_211.jpg,1
1_212.jpg,1
1_213.jpg,1
1_214.jpg,1
1_215.jpg,1
1_216.jpg,1
1_217.jpg,1
1_218.jpg,1
1_219.jpg,1
1_220.jpg,1
1_221.jpg,1
1_222.jpg,1
1_223.jpg,1
1_224.jpg,1
1_225.jpg,1
1_226.jpg,1
1_227.jpg,1
1_228.jpg,1
1_229.jpg,1
1_230.jpg,1
1_231.jpg,1
1_232.jpg,1
1_233.jpg,1
1_234.jpg,1
1_235.jpg,1
1_236.jpg,1
1_237.jpg,1
1_238.jpg,1
1_239.jpg,1
1_240.jpg,1
1_241.jpg,1
1_242.jpg,1
1_243.jpg,1
1_244.jpg,1
1_245.jpg,1
1_246.jpg,1
1_247.jpg,1
1_248.jpg,1
1_249.jpg,1
1_250.jpg,1
1_251.jpg,1
1_252.jpg,1
1_253.jpg,1
1_254.jpg,1
1_255.jpg,1
1_256.jpg,1
1_257.jpg,1
1_258.jpg,1
1_259.jpg,1
1_260.jpg,1
1_261.jpg,1
1_262.jpg,1
1_263.jpg,1
1_264.jpg,1
1_265.jpg,1
1_266.jpg,1
1_267.jpg,1
1_268.jpg,1
1_269.jpg,1
1_270.jpg,1
1_271.jpg,1
1_272.jpg,1
1_273.jpg,1
1_274.jpg,1
1_275.jpg,1
1_276.jpg,1
1_277.jpg,1
1_278.jpg,1
1_279.jpg,1
1_280.jpg,1
1_281.jpg,1
1_282.jpg,1
1_283.jpg,1
1_284.jpg,1
1_285.jpg,1
1_286.jpg,1
1_287.jpg,1
1_288.jpg,1
1_289.jpg,1
1_290.jpg,1
1_291.jpg,1
1_292.jpg,1
1_293.jpg,1
1_294.jpg,1
1_295.jpg,1
1_296.jpg,1
1_297.jpg,1
1_298.jpg,1
1_299.jpg,1
1_300.jpg,1
1_301.jpg,1
1_302.jpg,1
1_303.jpg,1
1_304.jpg,1
1_305.jpg,1
1_306.jpg,1
1_307.jpg,1
1_308.jpg,1
1_309.jpg,1
1_310.jpg,1
1_311.jpg,1
1_312.jpg,1
1_313.jpg,1
1_314.jpg,1
1_315.jpg,1
1_316.jpg,1
1_317.jpg,1
1_318.jpg,1
1_319.jpg,1
1_320.jpg,1
1_321.jpg,1
1_322.jpg,1
1_323.jpg,1
1_324.jpg,1
1_325.jpg,1
1_326.jpg,1
1_327.jpg,1
1_328.jpg,1
1_329.jpg,1
1_330.jpg,1
1_331.jpg,1
1_332.jpg,1
1_333.jpg,1
1_334.jpg,1
1_335.jpg,1
1_336.jpg,1
1_337.jpg,1
1_338.jpg,1
1_339.jpg,1
1_340.jpg,1
1_341.jpg,1
1_342.jpg,1
1_343.jpg,1
1_344.jpg,1
1_345.jpg,1
1_346.jpg,1
1_347.jpg,1
1_348.jpg,1
1_349.jpg,1
1_350.jpg,1
1_351.jpg,1
1_352.jpg,1
1_353.jpg,1
1_354.jpg,1
1_355.jpg,1
1_356.jpg,1
1_357.jpg,1
1_358.jpg,1
1_359.jpg,1
1_360.jpg,1
1_361.jpg,1
1_362.jpg,1
1_363.jpg,1
1_364.jpg,1
1_365.jpg,1
1_366.jpg,1
1_367.jpg,1
1_368.jpg,1
1_369.jpg,1
1_370.jpg,1
1_371.jpg,1
1_372.jpg,1
1_373.jpg,1
1_374.jpg,1
1_375.jpg,1
1_376.jpg,1
1_377.jpg,1
1_378.jpg,1
1_379.jpg,1
1_380.jpg,1
1_381.jpg,1
1_382.jpg,1
1_383.jpg,1
1_384.jpg,1
1_385.jpg,1
1_386.jpg,1
1_387.jpg,1
1_388.jpg,1
1_389.jpg,1
1_390.jpg,1
1_391.jpg,1
1_392.jpg,1
1_393.jpg,1
1_394.jpg,1
1_395.jpg,1
1_396.jpg,1
1_397.jpg,1
1_398.jpg,1
1_399.jpg,1
1_400.jpg,1
1_401.jpg,1
1_402.jpg,1
1_403.jpg,1
1_404.jpg,1
1_405.jpg,1
1_406.jpg,1
1_407.jpg,1
1_408.jpg,1
1_409.jpg,1
1_410.jpg,1
1_411.jpg,1
1_412.jpg,1
1_413.jpg,1
1_414.jpg,1
1_415.jpg,1
1_416.jpg,1
1_417.jpg,1
1_418.jpg,1
1_419.jpg,1
1_420.jpg,1
1_421.jpg,1
1_422.jpg,1
1_423.jpg,1
1_424.jpg,1
1_425.jpg,1
1_426.jpg,1
1_427.jpg,1
1_428.jpg,1
1_429.jpg,1
1_430.jpg,1
1_431.jpg,1
1_432.jpg,1
1_433.jpg,1
1_434.jpg,1
1_435.jpg,1
1_436.jpg,1
1_437.jpg,1
1_438.jpg,1
1_439.jpg,1
1_440.jpg,1
1_441.jpg,1
1_442.jpg,1
1_443.jpg,1
1_444.jpg,1
1_445.jpg,1
1_446.jpg,1
1_447.jpg,1
1_448.jpg,1
1_449.jpg,1
1_450.jpg,1
1_451.jpg,1
1_452.jpg,1
1_453.jpg,1
1_454.jpg,1
1_455.jpg,1
1_456.jpg,1
1_457.jpg,1
1_458.jpg,1
1_459.jpg,1
1_460.jpg,1
1_461.jpg,1
1_462.jpg,1
1_463.jpg,1
1_464.jpg,1
1_465.jpg,1
1_466.jpg,1
1_467.jpg,1
1_468.jpg,1
1_469.jpg,1
1_470.jpg,1
1_471.jpg,1
1_472.jpg,1
1_473.jpg,1
1_474.jpg,1
1_475.jpg,1
1_476.jpg,1
1_477.jpg,1
1_478.jpg,1
1_479.jpg,1
1_480.jpg,1
1_481.jpg,1
1_482.jpg,1
1_483.jpg,1
1_484.jpg,1
1_485.jpg,1
1_486.jpg,1
1_487.jpg,1
1_488.jpg,1
1_489.jpg,1
1_490.jpg,1
1_491.jpg,1
1_492.jpg,1
1_493.jpg,1
1_494.jpg,1
1_495.jpg,1
1_496.jpg,1
1_497.jpg,1
1_498.jpg,1
1_499.jpg,1
